measure,type,code
104.8,min.prec,NT0101
70.6,min.prec,NT0102
51.6,min.prec,NT0103
16.7,min.prec,NT0104
37.2,min.prec,NT0105
4.2,min.prec,NT0106
111.9,min.prec,NT0107
56.7,min.prec,NT0108
89.9,min.prec,NT0109
45.9,min.prec,NT0111
19.3,min.prec,NT0112
44.35,min.prec,NT0113
2.7,min.prec,NT0114
199.6,min.prec,NT0115
17.4,min.prec,NT0117
32.5,min.prec,NT0118
4.3,min.prec,NT0119
35.25,min.prec,NT0120
56.25,min.prec,NT0121
98.2,min.prec,NT0122
73.8,min.prec,NT0124
60.7,min.prec,NT0125
45.4,min.prec,NT0126
53.1,min.prec,NT0127
102.55,min.prec,NT0128
62.3,min.prec,NT0129
31.6,min.prec,NT0130
68.55,min.prec,NT0131
149.3,min.prec,NT0132
79.7,min.prec,NT0133
108.4,min.prec,NT0134
18.25,min.prec,NT0135
69.1,min.prec,NT0136
32.55,min.prec,NT0137
44.6,min.prec,NT0138
12.65,min.prec,NT0139
3.6,min.prec,NT0140
60,min.prec,NT0141
177.1,min.prec,NT0142
115.7,min.prec,NT0143
5.15,min.prec,NT0144
73,min.prec,NT0145
40.8,min.prec,NT0146
58.3,min.prec,NT0147
51.95,min.prec,NT0148
68.45,min.prec,NT0149
48.3,min.prec,NT0150
33.55,min.prec,NT0151
26.35,min.prec,NT0152
16.4,min.prec,NT0153
49.4,min.prec,NT0154
79.2,min.prec,NT0155
105.95,min.prec,NT0156
38.6,min.prec,NT0157
147.95,min.prec,NT0158
25.65,min.prec,NT0159
61.7,min.prec,NT0160
28.2,min.prec,NT0161
6.95,min.prec,NT0162
177.4,min.prec,NT0163
37.15,min.prec,NT0164
4.9,min.prec,NT0165
63.8,min.prec,NT0166
75.9,min.prec,NT0167
27,min.prec,NT0168
60.3,min.prec,NT0169
37.2,min.prec,NT0170
54.55,min.prec,NT0171
59.7,min.prec,NT0173
96.2,min.prec,NT0174
24.6,min.prec,NT0175
21.95,min.prec,NT0176
43.55,min.prec,NT0177
37.05,min.prec,NT0178
97,min.prec,NT0179
25.2,min.prec,NT0180
27.5,min.prec,NT0181
61.7,min.prec,NT0182
12,min.prec,NT0201
1.3,min.prec,NT0202
5,min.prec,NT0204
2.35,min.prec,NT0205
1.95,min.prec,NT0206
81.4,min.prec,NT0207
3.8,min.prec,NT0209
7.6,min.prec,NT0210
4.3,min.prec,NT0211
17.1,min.prec,NT0212
26.35,min.prec,NT0213
2.4,min.prec,NT0214
29.1,min.prec,NT0215
4,min.prec,NT0217
39.85,min.prec,NT0218
15.85,min.prec,NT0219
53.6,min.prec,NT0220
49.8,min.prec,NT0221
22.65,min.prec,NT0222
25.35,min.prec,NT0223
5.7,min.prec,NT0224
54.5,min.prec,NT0225
53.2,min.prec,NT0226
1.25,min.prec,NT0227
4.1,min.prec,NT0228
19.55,min.prec,NT0229
0.8,min.prec,NT0230
0.6,min.prec,NT0232
13.65,min.prec,NT0233
23,min.prec,NT0235
31.3,min.prec,NT0301
58.25,min.prec,NT0302
14.9,min.prec,NT0303
42.7,min.prec,NT0304
53.4,min.prec,NT0305
57.3,min.prec,NT0306
8.9,min.prec,NT0307
16,min.prec,NT0308
3.1,min.prec,NT0309
6.6,min.prec,NT0310
108.7,min.prec,NT0402
49.8,min.prec,NT0404
32.6,min.prec,NT0702
16.6,min.prec,NT0703
6.3,min.prec,NT0704
51.3,min.prec,NT0707
35.65,min.prec,NT0708
10.4,min.prec,NT0709
87.7,min.prec,NT0710
18.4,min.prec,NT0801
8.5,min.prec,NT0802
35.35,min.prec,NT0803
9.2,min.prec,NT0805
20.45,min.prec,NT0902
19.2,min.prec,NT0903
41.2,min.prec,NT0904
0.55,min.prec,NT0905
34.6,min.prec,NT0906
21.75,min.prec,NT0907
41.15,min.prec,NT0908
80.7,min.prec,NT0909
0.7,min.prec,NT1001
2,min.prec,NT1002
3.5,min.prec,NT1003
18.1,min.prec,NT1004
8.3,min.prec,NT1005
31.8,min.prec,NT1006
34.6,min.prec,NT1007
9.5,min.prec,NT1008
4.1,min.prec,NT1010
0.6,min.prec,NT1201
26.8,min.prec,NT1301
0.5,min.prec,NT1303
3.3,min.prec,NT1304
45.4,min.prec,NT1305
35.6,min.prec,NT1306
46.3,min.prec,NT1307
8.7,min.prec,NT1308
6.05,min.prec,NT1309
25,min.prec,NT1312
11.3,min.prec,NT1313
0.8,min.prec,NT1314
0.4,min.prec,NT1315
5.8,min.prec,NT1316
27.85,min.prec,NT1401
29.4,min.prec,NT1402
34.5,min.prec,NT1403
0.7,min.prec,NT1404
84.9,min.prec,NT1405
50.7,min.prec,NT1406
1.65,min.prec,NT1407
184.6,max.prec,NT0101
150.5,max.prec,NT0102
172.4,max.prec,NT0103
210.2,max.prec,NT0104
238.1,max.prec,NT0105
268.85,max.prec,NT0106
346.3,max.prec,NT0107
289.6,max.prec,NT0108
278.7,max.prec,NT0109
374.4,max.prec,NT0111
289.2,max.prec,NT0112
325.1,max.prec,NT0113
212.8,max.prec,NT0114
483.6,max.prec,NT0115
194.1,max.prec,NT0117
254.8,max.prec,NT0118
396.65,max.prec,NT0119
215.75,max.prec,NT0120
171.6,max.prec,NT0121
398.2,max.prec,NT0122
435.3,max.prec,NT0124
372.9,max.prec,NT0125
334.55,max.prec,NT0126
235,max.prec,NT0127
256.7,max.prec,NT0128
413.7,max.prec,NT0129
423.6,max.prec,NT0130
302.2,max.prec,NT0131
321.5,max.prec,NT0132
303.75,max.prec,NT0133
297.8,max.prec,NT0134
329.3,max.prec,NT0135
273.35,max.prec,NT0136
334.5,max.prec,NT0137
406.2,max.prec,NT0138
332.2,max.prec,NT0139
344.9,max.prec,NT0140
316,max.prec,NT0141
310.6,max.prec,NT0142
415.5,max.prec,NT0143
340.1,max.prec,NT0144
323.7,max.prec,NT0145
323.2,max.prec,NT0146
247.85,max.prec,NT0147
357.8,max.prec,NT0148
300.6,max.prec,NT0149
195.5,max.prec,NT0150
236.55,max.prec,NT0151
194.8,max.prec,NT0152
153.6,max.prec,NT0153
369.25,max.prec,NT0154
240.1,max.prec,NT0155
306.95,max.prec,NT0156
306.2,max.prec,NT0157
352.9,max.prec,NT0158
324.7,max.prec,NT0159
232.1,max.prec,NT0160
419.6,max.prec,NT0161
475.5,max.prec,NT0162
330.15,max.prec,NT0163
246.8,max.prec,NT0164
153.9,max.prec,NT0165
288.8,max.prec,NT0166
472.9,max.prec,NT0167
335.1,max.prec,NT0168
460.8,max.prec,NT0169
391.45,max.prec,NT0170
271.3,max.prec,NT0171
328.9,max.prec,NT0173
245.2,max.prec,NT0174
164.6,max.prec,NT0175
267.15,max.prec,NT0176
391.35,max.prec,NT0177
386.35,max.prec,NT0178
308.6,max.prec,NT0179
326.4,max.prec,NT0180
209.85,max.prec,NT0181
426.2,max.prec,NT0182
282.4,max.prec,NT0201
169.1,max.prec,NT0202
186.3,max.prec,NT0204
207.25,max.prec,NT0205
122.95,max.prec,NT0206
213.05,max.prec,NT0207
315.65,max.prec,NT0209
119.55,max.prec,NT0210
273.2,max.prec,NT0211
199.1,max.prec,NT0212
211.15,max.prec,NT0213
257.15,max.prec,NT0214
163.8,max.prec,NT0215
245.7,max.prec,NT0217
306.7,max.prec,NT0218
109,max.prec,NT0219
252.8,max.prec,NT0220
239.9,max.prec,NT0221
171.35,max.prec,NT0222
130.3,max.prec,NT0223
318,max.prec,NT0224
283.1,max.prec,NT0225
200.9,max.prec,NT0226
136.05,max.prec,NT0227
232.5,max.prec,NT0228
228.9,max.prec,NT0229
278.15,max.prec,NT0230
93.15,max.prec,NT0232
278.05,max.prec,NT0233
197.9,max.prec,NT0235
196.8,max.prec,NT0301
308.9,max.prec,NT0302
273.25,max.prec,NT0303
224,max.prec,NT0304
289.2,max.prec,NT0305
413.95,max.prec,NT0306
154.2,max.prec,NT0307
208.3,max.prec,NT0308
232.75,max.prec,NT0309
207,max.prec,NT0310
146.7,max.prec,NT0402
245.6,max.prec,NT0404
262.65,max.prec,NT0702
288.3,max.prec,NT0703
270.75,max.prec,NT0704
364.9,max.prec,NT0707
154.3,max.prec,NT0708
340.6,max.prec,NT0709
134.3,max.prec,NT0710
95,max.prec,NT0801
30.7,max.prec,NT0802
117.2,max.prec,NT0803
26.7,max.prec,NT0805
212.1,max.prec,NT0902
160.3,max.prec,NT0903
235.7,max.prec,NT0904
320.25,max.prec,NT0905
218.3,max.prec,NT0906
219.75,max.prec,NT0907
146.5,max.prec,NT0908
163.4,max.prec,NT0909
45.75,max.prec,NT1001
91.85,max.prec,NT1002
151.05,max.prec,NT1003
143.4,max.prec,NT1004
102.2,max.prec,NT1005
117.15,max.prec,NT1006
276.55,max.prec,NT1007
57.1,max.prec,NT1008
52.25,max.prec,NT1010
58.3,max.prec,NT1201
159.4,max.prec,NT1301
8.7,max.prec,NT1303
147.35,max.prec,NT1304
189.15,max.prec,NT1305
200.9,max.prec,NT1306
128.5,max.prec,NT1307
199.25,max.prec,NT1308
201.4,max.prec,NT1309
257.85,max.prec,NT1312
116.1,max.prec,NT1313
100.75,max.prec,NT1314
31.1,max.prec,NT1315
127,max.prec,NT1316
330.25,max.prec,NT1401
199.3,max.prec,NT1402
252.7,max.prec,NT1403
174.15,max.prec,NT1404
317.9,max.prec,NT1405
265.8,max.prec,NT1406
399.2,max.prec,NT1407
352.2,min3m.prec,NT0101
241.8,min3m.prec,NT0102
178.5,min3m.prec,NT0103
58,min3m.prec,NT0104
137.9,min3m.prec,NT0105
15.4,min3m.prec,NT0106
386.3,min3m.prec,NT0107
198.9,min3m.prec,NT0108
324.8,min3m.prec,NT0109
173.2,min3m.prec,NT0111
67.6,min3m.prec,NT0112
159.5,min3m.prec,NT0113
12.3,min3m.prec,NT0114
687.6,min3m.prec,NT0115
71.6,min3m.prec,NT0117
138.7,min3m.prec,NT0118
19.6,min3m.prec,NT0119
115.85,min3m.prec,NT0120
190.05,min3m.prec,NT0121
347.6,min3m.prec,NT0122
259.8,min3m.prec,NT0124
229.5,min3m.prec,NT0125
155.8,min3m.prec,NT0126
176.4,min3m.prec,NT0127
355.25,min3m.prec,NT0128
240,min3m.prec,NT0129
130.6,min3m.prec,NT0130
233.25,min3m.prec,NT0131
469.4,min3m.prec,NT0132
283.5,min3m.prec,NT0133
388.3,min3m.prec,NT0134
87.45,min3m.prec,NT0135
259.5,min3m.prec,NT0136
131.25,min3m.prec,NT0137
161.6,min3m.prec,NT0138
47.7,min3m.prec,NT0139
34.6,min3m.prec,NT0140
217.6,min3m.prec,NT0141
565.5,min3m.prec,NT0142
376.7,min3m.prec,NT0143
16.9,min3m.prec,NT0144
266,min3m.prec,NT0145
128.9,min3m.prec,NT0146
196.3,min3m.prec,NT0147
177.7,min3m.prec,NT0148
247.3,min3m.prec,NT0149
192.2,min3m.prec,NT0150
125.65,min3m.prec,NT0151
96.4,min3m.prec,NT0152
61.2,min3m.prec,NT0153
168.6,min3m.prec,NT0154
274.1,min3m.prec,NT0155
373.3,min3m.prec,NT0156
152.8,min3m.prec,NT0157
465.9,min3m.prec,NT0158
104.6,min3m.prec,NT0159
207.6,min3m.prec,NT0160
104.6,min3m.prec,NT0161
31.2,min3m.prec,NT0162
592.7,min3m.prec,NT0163
139.15,min3m.prec,NT0164
19.9,min3m.prec,NT0165
220.25,min3m.prec,NT0166
262.7,min3m.prec,NT0167
121.3,min3m.prec,NT0168
214.6,min3m.prec,NT0169
130.6,min3m.prec,NT0170
192,min3m.prec,NT0171
208.3,min3m.prec,NT0173
315.7,min3m.prec,NT0174
91.9,min3m.prec,NT0175
76.9,min3m.prec,NT0176
142,min3m.prec,NT0177
134.5,min3m.prec,NT0178
311.3,min3m.prec,NT0179
111.8,min3m.prec,NT0180
98.9,min3m.prec,NT0181
219.3,min3m.prec,NT0182
64.6,min3m.prec,NT0201
6.3,min3m.prec,NT0202
21,min3m.prec,NT0204
12.5,min3m.prec,NT0205
9.9,min3m.prec,NT0206
293.8,min3m.prec,NT0207
19.2,min3m.prec,NT0209
31.7,min3m.prec,NT0210
18.8,min3m.prec,NT0211
79.5,min3m.prec,NT0212
98.45,min3m.prec,NT0213
14.2,min3m.prec,NT0214
100.65,min3m.prec,NT0215
16.6,min3m.prec,NT0217
159.45,min3m.prec,NT0218
60.55,min3m.prec,NT0219
174.4,min3m.prec,NT0220
200.3,min3m.prec,NT0221
88.75,min3m.prec,NT0222
91.45,min3m.prec,NT0223
29.7,min3m.prec,NT0224
223.5,min3m.prec,NT0225
163.8,min3m.prec,NT0226
5.35,min3m.prec,NT0227
20,min3m.prec,NT0228
84.8,min3m.prec,NT0229
6.2,min3m.prec,NT0230
1.9,min3m.prec,NT0232
51.45,min3m.prec,NT0233
80.9,min3m.prec,NT0235
113.6,min3m.prec,NT0301
191.35,min3m.prec,NT0302
58.45,min3m.prec,NT0303
151.8,min3m.prec,NT0304
187,min3m.prec,NT0305
222.9,min3m.prec,NT0306
28.5,min3m.prec,NT0307
51.6,min3m.prec,NT0308
16.3,min3m.prec,NT0309
27.35,min3m.prec,NT0310
334.65,min3m.prec,NT0402
181.6,min3m.prec,NT0404
113.65,min3m.prec,NT0702
62.9,min3m.prec,NT0703
29.5,min3m.prec,NT0704
189.8,min3m.prec,NT0707
129.7,min3m.prec,NT0708
53.7,min3m.prec,NT0709
291.4,min3m.prec,NT0710
59.6,min3m.prec,NT0801
28.3,min3m.prec,NT0802
112.15,min3m.prec,NT0803
30.5,min3m.prec,NT0805
91.25,min3m.prec,NT0902
72.1,min3m.prec,NT0903
142.8,min3m.prec,NT0904
7.6,min3m.prec,NT0905
127.4,min3m.prec,NT0906
80.35,min3m.prec,NT0907
134.85,min3m.prec,NT0908
277.4,min3m.prec,NT0909
4.05,min3m.prec,NT1001
11.2,min3m.prec,NT1002
19.6,min3m.prec,NT1003
59.4,min3m.prec,NT1004
35.8,min3m.prec,NT1005
120.5,min3m.prec,NT1006
121.8,min3m.prec,NT1007
39.6,min3m.prec,NT1008
18.95,min3m.prec,NT1010
3.9,min3m.prec,NT1201
97.4,min3m.prec,NT1301
1.5,min3m.prec,NT1303
14.85,min3m.prec,NT1304
167.5,min3m.prec,NT1305
112.8,min3m.prec,NT1306
163.9,min3m.prec,NT1307
35.45,min3m.prec,NT1308
29.25,min3m.prec,NT1309
83.6,min3m.prec,NT1312
48.7,min3m.prec,NT1313
4.4,min3m.prec,NT1314
1.5,min3m.prec,NT1315
21.35,min3m.prec,NT1316
110.05,min3m.prec,NT1401
112,min3m.prec,NT1402
125.4,min3m.prec,NT1403
5.45,min3m.prec,NT1404
323.4,min3m.prec,NT1405
178.1,min3m.prec,NT1406
13.4,min3m.prec,NT1407
504.4,max3m.prec,NT0101
406.7,max3m.prec,NT0102
485.5,max3m.prec,NT0103
603.7,max3m.prec,NT0104
674,max3m.prec,NT0105
703.65,max3m.prec,NT0106
999.4,max3m.prec,NT0107
702.3,max3m.prec,NT0108
728.3,max3m.prec,NT0109
1014.2,max3m.prec,NT0111
781.9,max3m.prec,NT0112
814.75,max3m.prec,NT0113
557.1,max3m.prec,NT0114
1270.5,max3m.prec,NT0115
551.6,max3m.prec,NT0117
650.4,max3m.prec,NT0118
1070.6,max3m.prec,NT0119
550.15,max3m.prec,NT0120
434.65,max3m.prec,NT0121
1047.9,max3m.prec,NT0122
1222.5,max3m.prec,NT0124
970,max3m.prec,NT0125
949.65,max3m.prec,NT0126
576.9,max3m.prec,NT0127
735.95,max3m.prec,NT0128
1116.9,max3m.prec,NT0129
1036.2,max3m.prec,NT0130
737.55,max3m.prec,NT0131
878.4,max3m.prec,NT0132
868.7,max3m.prec,NT0133
848.5,max3m.prec,NT0134
948.7,max3m.prec,NT0135
682.95,max3m.prec,NT0136
865.4,max3m.prec,NT0137
1149.1,max3m.prec,NT0138
870.25,max3m.prec,NT0139
965.5,max3m.prec,NT0140
908.9,max3m.prec,NT0141
897.2,max3m.prec,NT0142
1138.1,max3m.prec,NT0143
911.55,max3m.prec,NT0144
850.7,max3m.prec,NT0145
761.5,max3m.prec,NT0146
688.6,max3m.prec,NT0147
879.45,max3m.prec,NT0148
816.75,max3m.prec,NT0149
541.45,max3m.prec,NT0150
690.85,max3m.prec,NT0151
516.3,max3m.prec,NT0152
426.4,max3m.prec,NT0153
975.65,max3m.prec,NT0154
629.5,max3m.prec,NT0155
876.9,max3m.prec,NT0156
894.2,max3m.prec,NT0157
957.1,max3m.prec,NT0158
770.3,max3m.prec,NT0159
637.6,max3m.prec,NT0160
1058.6,max3m.prec,NT0161
1209.45,max3m.prec,NT0162
944.4,max3m.prec,NT0163
623.15,max3m.prec,NT0164
423.8,max3m.prec,NT0165
835.2,max3m.prec,NT0166
1220.9,max3m.prec,NT0167
944,max3m.prec,NT0168
1317.9,max3m.prec,NT0169
1110.75,max3m.prec,NT0170
774.35,max3m.prec,NT0171
900.7,max3m.prec,NT0173
665.8,max3m.prec,NT0174
441.3,max3m.prec,NT0175
613.1,max3m.prec,NT0176
972.85,max3m.prec,NT0177
1073.3,max3m.prec,NT0178
861.3,max3m.prec,NT0179
945.6,max3m.prec,NT0180
519.8,max3m.prec,NT0181
1198.8,max3m.prec,NT0182
787.3,max3m.prec,NT0201
462.4,max3m.prec,NT0202
489.9,max3m.prec,NT0204
582.85,max3m.prec,NT0205
337.7,max3m.prec,NT0206
539.25,max3m.prec,NT0207
800.15,max3m.prec,NT0209
330.85,max3m.prec,NT0210
757.2,max3m.prec,NT0211
554.5,max3m.prec,NT0212
538.6,max3m.prec,NT0213
614.1,max3m.prec,NT0214
423.7,max3m.prec,NT0215
686.1,max3m.prec,NT0217
726.95,max3m.prec,NT0218
285.5,max3m.prec,NT0219
729.6,max3m.prec,NT0220
599.8,max3m.prec,NT0221
433.55,max3m.prec,NT0222
320.5,max3m.prec,NT0223
805,max3m.prec,NT0224
772.9,max3m.prec,NT0225
555.7,max3m.prec,NT0226
290.35,max3m.prec,NT0227
600.2,max3m.prec,NT0228
582.8,max3m.prec,NT0229
670.6,max3m.prec,NT0230
146.45,max3m.prec,NT0232
753.25,max3m.prec,NT0233
504.7,max3m.prec,NT0235
489.2,max3m.prec,NT0301
849.25,max3m.prec,NT0302
697.45,max3m.prec,NT0303
561.7,max3m.prec,NT0304
639.8,max3m.prec,NT0305
1147.6,max3m.prec,NT0306
394.9,max3m.prec,NT0307
589.3,max3m.prec,NT0308
640.5,max3m.prec,NT0309
570.6,max3m.prec,NT0310
415.1,max3m.prec,NT0402
693.6,max3m.prec,NT0404
744.75,max3m.prec,NT0702
791.7,max3m.prec,NT0703
742.75,max3m.prec,NT0704
970.5,max3m.prec,NT0707
426.75,max3m.prec,NT0708
937.5,max3m.prec,NT0709
377.7,max3m.prec,NT0710
260.6,max3m.prec,NT0801
77.1,max3m.prec,NT0802
309.4,max3m.prec,NT0803
69.35,max3m.prec,NT0805
562.95,max3m.prec,NT0902
367.8,max3m.prec,NT0903
611.9,max3m.prec,NT0904
865.05,max3m.prec,NT0905
618.2,max3m.prec,NT0906
591.7,max3m.prec,NT0907
377.85,max3m.prec,NT0908
450.7,max3m.prec,NT0909
114.1,max3m.prec,NT1001
252.95,max3m.prec,NT1002
411.9,max3m.prec,NT1003
376.3,max3m.prec,NT1004
283.1,max3m.prec,NT1005
323.45,max3m.prec,NT1006
674.4,max3m.prec,NT1007
142.6,max3m.prec,NT1008
131.1,max3m.prec,NT1010
138.3,max3m.prec,NT1201
453.9,max3m.prec,NT1301
13.8,max3m.prec,NT1303
378.15,max3m.prec,NT1304
530.75,max3m.prec,NT1305
433.9,max3m.prec,NT1306
382,max3m.prec,NT1307
498.25,max3m.prec,NT1308
575.85,max3m.prec,NT1309
695.75,max3m.prec,NT1312
289.5,max3m.prec,NT1313
213.9,max3m.prec,NT1314
68.4,max3m.prec,NT1315
312.55,max3m.prec,NT1316
882.85,max3m.prec,NT1401
515.7,max3m.prec,NT1402
616.7,max3m.prec,NT1403
425.7,max3m.prec,NT1404
916.3,max3m.prec,NT1405
724.8,max3m.prec,NT1406
964.35,max3m.prec,NT1407
24.83355,mad.prec,NT0101
24.01812,mad.prec,NT0102
42.69888,mad.prec,NT0103
89.25252,mad.prec,NT0104
92.36598,mad.prec,NT0105
55.44924,mad.prec,NT0106
109.7124,mad.prec,NT0107
82.95147,mad.prec,NT0108
65.75331,mad.prec,NT0109
140.03157,mad.prec,NT0111
128.39316,mad.prec,NT0112
103.596675,mad.prec,NT0113
55.37511,mad.prec,NT0114
73.75935,mad.prec,NT0115
76.72455,mad.prec,NT0117
80.87583,mad.prec,NT0118
210.195615,mad.prec,NT0119
83.655705,mad.prec,NT0120
26.83506,mad.prec,NT0121
71.38719,mad.prec,NT0122
169.16466,mad.prec,NT0124
98.37051,mad.prec,NT0125
144.664695,mad.prec,NT0126
76.05738,mad.prec,NT0127
52.372845,mad.prec,NT0128
121.05429,mad.prec,NT0129
145.36893,mad.prec,NT0130
88.956,mad.prec,NT0131
66.34635,mad.prec,NT0132
104.74569,mad.prec,NT0133
79.46736,mad.prec,NT0134
152.48541,mad.prec,NT0135
73.75935,mad.prec,NT0136
95.55357,mad.prec,NT0137
184.95435,mad.prec,NT0138
98.778225,mad.prec,NT0139
186.65934,mad.prec,NT0140
128.91207,mad.prec,NT0141
51.07557,mad.prec,NT0142
136.76985,mad.prec,NT0143
111.306195,mad.prec,NT0144
65.75331,mad.prec,NT0145
68.9409,mad.prec,NT0146
71.68371,mad.prec,NT0147
101.595165,mad.prec,NT0148
76.613355,mad.prec,NT0149
49.07406,mad.prec,NT0150
93.18141,mad.prec,NT0151
70.015785,mad.prec,NT0152
58.48857,mad.prec,NT0153
116.272905,mad.prec,NT0154
70.86828,mad.prec,NT0155
90.21621,mad.prec,NT0156
131.43249,mad.prec,NT0157
60.49008,mad.prec,NT0158
135.546705,mad.prec,NT0159
65.60505,mad.prec,NT0160
133.95291,mad.prec,NT0161
207.78639,mad.prec,NT0162
56.41293,mad.prec,NT0163
72.27675,mad.prec,NT0164
52.11339,mad.prec,NT0165
114.08607,mad.prec,NT0166
163.23426,mad.prec,NT0167
149.07543,mad.prec,NT0168
201.11469,mad.prec,NT0169
128.800875,mad.prec,NT0170
102.410595,mad.prec,NT0171
118.53387,mad.prec,NT0173
49.96362,mad.prec,NT0174
51.1497,mad.prec,NT0175
59.304,mad.prec,NT0176
78.13302,mad.prec,NT0177
102.89244,mad.prec,NT0178
110.23131,mad.prec,NT0179
149.44608,mad.prec,NT0180
73.574025,mad.prec,NT0181
171.53682,mad.prec,NT0182
133.13748,mad.prec,NT0201
86.58384,mad.prec,NT0202
26.83506,mad.prec,NT0204
45.552885,mad.prec,NT0205
34.76697,mad.prec,NT0206
58.34031,mad.prec,NT0207
144.47937,mad.prec,NT0209
52.002195,mad.prec,NT0210
97.62921,mad.prec,NT0211
79.24497,mad.prec,NT0212
92.328915,mad.prec,NT0213
39.73368,mad.prec,NT0214
74.20413,mad.prec,NT0215
25.9455,mad.prec,NT0217
94.66401,mad.prec,NT0218
27.539295,mad.prec,NT0219
92.81076,mad.prec,NT0220
71.38719,mad.prec,NT0221
53.15121,mad.prec,NT0222
29.911455,mad.prec,NT0223
113.93781,mad.prec,NT0224
75.46434,mad.prec,NT0225
72.20262,mad.prec,NT0226
16.75338,mad.prec,NT0227
31.80177,mad.prec,NT0228
76.72455,mad.prec,NT0229
55.00446,mad.prec,NT0230
1.445535,mad.prec,NT0232
52.40991,mad.prec,NT0233
67.08765,mad.prec,NT0235
59.60052,mad.prec,NT0301
133.767585,mad.prec,NT0302
108.37806,mad.prec,NT0303
78.42954,mad.prec,NT0304
96.51726,mad.prec,NT0305
153.89388,mad.prec,NT0306
24.75942,mad.prec,NT0307
57.59901,mad.prec,NT0308
61.82442,mad.prec,NT0309
40.99389,mad.prec,NT0310
11.78667,mad.prec,NT0402
50.77905,mad.prec,NT0404
127.837185,mad.prec,NT0702
116.23584,mad.prec,NT0703
129.468045,mad.prec,NT0704
93.25554,mad.prec,NT0707
39.029445,mad.prec,NT0708
139.58679,mad.prec,NT0709
13.49166,mad.prec,NT0710
33.3585,mad.prec,NT0801
6.37518,mad.prec,NT0802
33.28437,mad.prec,NT0803
5.63388,mad.prec,NT0805
94.8864,mad.prec,NT0902
55.52337,mad.prec,NT0903
67.16178,mad.prec,NT0904
46.590705,mad.prec,NT0905
76.87281,mad.prec,NT0906
87.76992,mad.prec,NT0907
42.03171,mad.prec,NT0908
20.97879,mad.prec,NT0909
5.70801,mad.prec,NT1001
19.384995,mad.prec,NT1002
63.23289,mad.prec,NT1003
52.70643,mad.prec,NT1004
26.53854,mad.prec,NT1005
29.80026,mad.prec,NT1006
115.6428,mad.prec,NT1007
9.85929,mad.prec,NT1008
13.973505,mad.prec,NT1010
6.857025,mad.prec,NT1201
55.30098,mad.prec,NT1301
0.22239,mad.prec,NT1303
46.33125,mad.prec,NT1304
78.614865,mad.prec,NT1305
58.11792,mad.prec,NT1306
26.16789,mad.prec,NT1307
64.71549,mad.prec,NT1308
97.1103,mad.prec,NT1309
100.038435,mad.prec,NT1312
34.32219,mad.prec,NT1313
15.5673,mad.prec,NT1314
0.37065,mad.prec,NT1315
54.226095,mad.prec,NT1316
93.366735,mad.prec,NT1401
70.72002,mad.prec,NT1402
75.31608,mad.prec,NT1403
22.869105,mad.prec,NT1404
74.13,mad.prec,NT1405
71.83197,mad.prec,NT1406
162.71535,mad.prec,NT1407
1699.4,tot.prec,NT0101
1215.5,tot.prec,NT0102
1238.9,tot.prec,NT0103
1175.1,tot.prec,NT0104
1516.3,tot.prec,NT0105
1109.15,tot.prec,NT0106
2829.8,tot.prec,NT0107
1982.2,tot.prec,NT0108
2247.7,tot.prec,NT0109
2428.4,tot.prec,NT0111
1741.4,tot.prec,NT0112
1837.8,tot.prec,NT0113
927.1,tot.prec,NT0114
3925.5,tot.prec,NT0115
1271,tot.prec,NT0117
1681.5,tot.prec,NT0118
2094.05,tot.prec,NT0119
1393.2,tot.prec,NT0120
1094.55,tot.prec,NT0121
3018.9,tot.prec,NT0122
2908.3,tot.prec,NT0124
2391.9,tot.prec,NT0125
2044.95,tot.prec,NT0126
1600.4,tot.prec,NT0127
2256.25,tot.prec,NT0128
2837.3,tot.prec,NT0129
2467.4,tot.prec,NT0130
1945.55,tot.prec,NT0131
2555.8,tot.prec,NT0132
2453.75,tot.prec,NT0133
2574.1,tot.prec,NT0134
2197.05,tot.prec,NT0135
1982.4,tot.prec,NT0136
2244.55,tot.prec,NT0137
2548,tot.prec,NT0138
1540.9,tot.prec,NT0139
2053.2,tot.prec,NT0140
2251.6,tot.prec,NT0141
2878,tot.prec,NT0142
2875.2,tot.prec,NT0143
1559,tot.prec,NT0144
2421,tot.prec,NT0145
1653,tot.prec,NT0146
1745.75,tot.prec,NT0147
2009.1,tot.prec,NT0148
2141.85,tot.prec,NT0149
1541.95,tot.prec,NT0150
1484.55,tot.prec,NT0151
1144.4,tot.prec,NT0152
892.8,tot.prec,NT0153
2173.15,tot.prec,NT0154
1890.1,tot.prec,NT0155
2482.45,tot.prec,NT0156
2271,tot.prec,NT0157
2684.75,tot.prec,NT0158
1861.55,tot.prec,NT0159
1528.1,tot.prec,NT0160
2088.8,tot.prec,NT0161
2345.05,tot.prec,NT0162
3039.35,tot.prec,NT0163
1407.5,tot.prec,NT0164
732.3,tot.prec,NT0165
2168.5,tot.prec,NT0166
3281.5,tot.prec,NT0167
2164.9,tot.prec,NT0168
2978.8,tot.prec,NT0169
2238.25,tot.prec,NT0170
2068.1,tot.prec,NT0171
2140.6,tot.prec,NT0173
2168.6,tot.prec,NT0174
1147.6,tot.prec,NT0175
1258.1,tot.prec,NT0176
1903.1,tot.prec,NT0177
2060,tot.prec,NT0178
2447.4,tot.prec,NT0179
2063.2,tot.prec,NT0180
1252.3,tot.prec,NT0181
2764.1,tot.prec,NT0182
1639.5,tot.prec,NT0201
869.2,tot.prec,NT0202
754.6,tot.prec,NT0204
924.9,tot.prec,NT0205
562.85,tot.prec,NT0206
1673.15,tot.prec,NT0207
1620.4,tot.prec,NT0209
706.45,tot.prec,NT0210
1276.5,tot.prec,NT0211
1195.5,tot.prec,NT0212
1357.4,tot.prec,NT0213
918.05,tot.prec,NT0214
1083.2,tot.prec,NT0215
1026.6,tot.prec,NT0217
1761.75,tot.prec,NT0218
821.6,tot.prec,NT0219
1784.7,tot.prec,NT0220
1636.7,tot.prec,NT0221
1114.7,tot.prec,NT0222
814.1,tot.prec,NT0223
1786.8,tot.prec,NT0224
2083.1,tot.prec,NT0225
1386.6,tot.prec,NT0226
397.85,tot.prec,NT0227
849.5,tot.prec,NT0228
1448.15,tot.prec,NT0229
1112.15,tot.prec,NT0230
176.5,tot.prec,NT0232
1326.45,tot.prec,NT0233
1088.1,tot.prec,NT0235
1173.7,tot.prec,NT0301
2145.8,tot.prec,NT0302
1481.15,tot.prec,NT0303
1442.8,tot.prec,NT0304
1749.8,tot.prec,NT0305
2921.65,tot.prec,NT0306
593.7,tot.prec,NT0307
1099.2,tot.prec,NT0308
1079.1,tot.prec,NT0309
939.8,tot.prec,NT0310
1475.4,tot.prec,NT0402
1594.7,tot.prec,NT0404
1692.8,tot.prec,NT0702
1531.3,tot.prec,NT0703
1479.65,tot.prec,NT0704
2105.9,tot.prec,NT0707
1193.75,tot.prec,NT0708
1796.3,tot.prec,NT0709
1331.7,tot.prec,NT0710
653,tot.prec,NT0801
209.7,tot.prec,NT0802
899.45,tot.prec,NT0803
190.9,tot.prec,NT0805
1335.05,tot.prec,NT0902
976.6,tot.prec,NT0903
1401,tot.prec,NT0904
1236.95,tot.prec,NT0905
1455.3,tot.prec,NT0906
1257.5,tot.prec,NT0907
1062.1,tot.prec,NT0908
1505.6,tot.prec,NT0909
174.3,tot.prec,NT1001
413.85,tot.prec,NT1002
774.15,tot.prec,NT1003
874.3,tot.prec,NT1004
719.1,tot.prec,NT1005
935.2,tot.prec,NT1006
1684,tot.prec,NT1007
300.6,tot.prec,NT1008
261.45,tot.prec,NT1010
200.95,tot.prec,NT1201
1158.7,tot.prec,NT1301
22.8,tot.prec,NT1303
705.15,tot.prec,NT1304
1366.4,tot.prec,NT1305
1106.2,tot.prec,NT1306
992.6,tot.prec,NT1307
991.35,tot.prec,NT1308
1163.05,tot.prec,NT1309
1452.5,tot.prec,NT1312
569.7,tot.prec,NT1313
307.1,tot.prec,NT1314
83.3,tot.prec,NT1315
649.75,tot.prec,NT1316
2021.5,tot.prec,NT1401
1234.4,tot.prec,NT1402
1437.4,tot.prec,NT1403
557.45,tot.prec,NT1404
2417.5,tot.prec,NT1405
1826.7,tot.prec,NT1406
1852.55,tot.prec,NT1407
13.1,min.temp,NT0101
14.9,min.temp,NT0102
21.6,min.temp,NT0103
18.9,min.temp,NT0104
18.9,min.temp,NT0105
24.3,min.temp,NT0106
24.6,min.temp,NT0107
26.2,min.temp,NT0108
18.6,min.temp,NT0109
23.7,min.temp,NT0111
19,min.temp,NT0112
18.3,min.temp,NT0113
19.4,min.temp,NT0114
25.7,min.temp,NT0115
22.6,min.temp,NT0117
19.4,min.temp,NT0118
24.65,min.temp,NT0119
21.95,min.temp,NT0120
18.25,min.temp,NT0121
23.65,min.temp,NT0122
22.7,min.temp,NT0124
25.3,min.temp,NT0125
26.25,min.temp,NT0126
23,min.temp,NT0127
25.4,min.temp,NT0128
24.9,min.temp,NT0129
24.6,min.temp,NT0130
22.9,min.temp,NT0131
25.7,min.temp,NT0132
25.3,min.temp,NT0133
22.5,min.temp,NT0134
24.9,min.temp,NT0135
19.2,min.temp,NT0136
27,min.temp,NT0137
26.2,min.temp,NT0138
26.2,min.temp,NT0139
24.2,min.temp,NT0140
26.2,min.temp,NT0141
24.6,min.temp,NT0142
25.6,min.temp,NT0143
26.3,min.temp,NT0144
19,min.temp,NT0145
14.8,min.temp,NT0146
25.5,min.temp,NT0147
23.3,min.temp,NT0148
26.2,min.temp,NT0149
17,min.temp,NT0150
22.3,min.temp,NT0151
22.7,min.temp,NT0152
13.3,min.temp,NT0153
22,min.temp,NT0154
22.2,min.temp,NT0155
25.2,min.temp,NT0156
25.6,min.temp,NT0157
25.7,min.temp,NT0158
17.95,min.temp,NT0159
15.4,min.temp,NT0160
20,min.temp,NT0161
23.05,min.temp,NT0162
25.2,min.temp,NT0163
18.75,min.temp,NT0164
13.5,min.temp,NT0165
24.3,min.temp,NT0166
18.9,min.temp,NT0167
25.2,min.temp,NT0168
19.7,min.temp,NT0169
26.2,min.temp,NT0170
24.95,min.temp,NT0171
25.9,min.temp,NT0173
24.2,min.temp,NT0174
20,min.temp,NT0175
18.25,min.temp,NT0176
15.25,min.temp,NT0177
24,min.temp,NT0178
23.9,min.temp,NT0179
25.6,min.temp,NT0180
22.5,min.temp,NT0181
24.3,min.temp,NT0182
26,min.temp,NT0201
22.3,min.temp,NT0202
14.5,min.temp,NT0204
22.15,min.temp,NT0205
12.05,min.temp,NT0206
23.35,min.temp,NT0207
25.2,min.temp,NT0209
16.2,min.temp,NT0210
21.3,min.temp,NT0211
21.9,min.temp,NT0212
22.3,min.temp,NT0213
23.3,min.temp,NT0214
23.7,min.temp,NT0215
22.6,min.temp,NT0217
25.15,min.temp,NT0218
25,min.temp,NT0219
24.8,min.temp,NT0220
25.05,min.temp,NT0221
26.75,min.temp,NT0222
15.3,min.temp,NT0223
25.6,min.temp,NT0224
23.4,min.temp,NT0225
22.4,min.temp,NT0226
16.2,min.temp,NT0227
18,min.temp,NT0228
27.1,min.temp,NT0229
24.45,min.temp,NT0230
21.15,min.temp,NT0232
21.75,min.temp,NT0233
22.7,min.temp,NT0235
21.1,min.temp,NT0301
23.15,min.temp,NT0302
19.9,min.temp,NT0303
21.9,min.temp,NT0304
17.9,min.temp,NT0305
25.05,min.temp,NT0306
13.6,min.temp,NT0307
14.9,min.temp,NT0308
18.8,min.temp,NT0309
13.15,min.temp,NT0310
1.05,min.temp,NT0402
3.4,min.temp,NT0404
23.9,min.temp,NT0702
15.5,min.temp,NT0703
21.8,min.temp,NT0704
25.6,min.temp,NT0707
16.8,min.temp,NT0708
26.1,min.temp,NT0709
12.5,min.temp,NT0710
9.2,min.temp,NT0801
6.9,min.temp,NT0802
9.4,min.temp,NT0803
1.7,min.temp,NT0805
21.4,min.temp,NT0902
25.2,min.temp,NT0903
17.9,min.temp,NT0904
23.9,min.temp,NT0905
25.8,min.temp,NT0906
22.5,min.temp,NT0907
12.8,min.temp,NT0908
15.5,min.temp,NT0909
2.7,min.temp,NT1001
2.5,min.temp,NT1002
4.1,min.temp,NT1003
10.2,min.temp,NT1004
9.9,min.temp,NT1005
9.7,min.temp,NT1006
9.05,min.temp,NT1007
-1.3,min.temp,NT1008
7.1,min.temp,NT1010
8.6,min.temp,NT1201
24.7,min.temp,NT1301
10.8,min.temp,NT1303
23.6,min.temp,NT1304
24.7,min.temp,NT1305
22.6,min.temp,NT1306
20.9,min.temp,NT1307
26.9,min.temp,NT1308
25.35,min.temp,NT1309
22.45,min.temp,NT1312
26.1,min.temp,NT1313
17.3,min.temp,NT1314
13.9,min.temp,NT1315
13.25,min.temp,NT1316
26.05,min.temp,NT1401
22.1,min.temp,NT1402
23.3,min.temp,NT1403
20.4,min.temp,NT1404
25.3,min.temp,NT1405
22.9,min.temp,NT1406
26.25,min.temp,NT1407
21.6,max.temp,NT0101
23.6,max.temp,NT0102
25.9,max.temp,NT0103
24.2,max.temp,NT0104
23.3,max.temp,NT0105
26.55,max.temp,NT0106
26.6,max.temp,NT0107
27.8,max.temp,NT0108
19.5,max.temp,NT0109
26.7,max.temp,NT0111
22.8,max.temp,NT0112
22.65,max.temp,NT0113
24.5,max.temp,NT0114
26.6,max.temp,NT0115
24.6,max.temp,NT0117
21,max.temp,NT0118
27.15,max.temp,NT0119
27.05,max.temp,NT0120
19.75,max.temp,NT0121
25.55,max.temp,NT0122
24,max.temp,NT0124
27.1,max.temp,NT0125
28,max.temp,NT0126
26.5,max.temp,NT0127
27.1,max.temp,NT0128
27.4,max.temp,NT0129
26.5,max.temp,NT0130
25.95,max.temp,NT0131
27,max.temp,NT0132
26.6,max.temp,NT0133
25.4,max.temp,NT0134
27.4,max.temp,NT0135
20.05,max.temp,NT0136
28.4,max.temp,NT0137
27.8,max.temp,NT0138
28.2,max.temp,NT0139
26.9,max.temp,NT0140
27.4,max.temp,NT0141
26.6,max.temp,NT0142
27.4,max.temp,NT0143
27.9,max.temp,NT0144
19.9,max.temp,NT0145
20.5,max.temp,NT0146
27.3,max.temp,NT0147
29.25,max.temp,NT0148
28,max.temp,NT0149
25.6,max.temp,NT0150
25.5,max.temp,NT0151
26.5,max.temp,NT0152
15.5,max.temp,NT0153
27.5,max.temp,NT0154
25.6,max.temp,NT0155
26.6,max.temp,NT0156
27.1,max.temp,NT0157
27,max.temp,NT0158
19.7,max.temp,NT0159
23.1,max.temp,NT0160
27,max.temp,NT0161
25.75,max.temp,NT0162
26.7,max.temp,NT0163
27.6,max.temp,NT0164
23.3,max.temp,NT0165
26.3,max.temp,NT0166
20.7,max.temp,NT0167
26.5,max.temp,NT0168
21,max.temp,NT0169
27.3,max.temp,NT0170
26.8,max.temp,NT0171
27.8,max.temp,NT0173
25.9,max.temp,NT0174
21.7,max.temp,NT0175
28.2,max.temp,NT0176
23.1,max.temp,NT0177
25.6,max.temp,NT0178
26.2,max.temp,NT0179
26.9,max.temp,NT0180
27.7,max.temp,NT0181
25.8,max.temp,NT0182
28,max.temp,NT0201
26,max.temp,NT0202
22.3,max.temp,NT0204
27.6,max.temp,NT0205
17.4,max.temp,NT0206
24.3,max.temp,NT0207
27.9,max.temp,NT0209
27.6,max.temp,NT0210
25.7,max.temp,NT0211
27.5,max.temp,NT0212
27.6,max.temp,NT0213
25.85,max.temp,NT0214
27.2,max.temp,NT0215
27.3,max.temp,NT0217
27.95,max.temp,NT0218
27.4,max.temp,NT0219
27,max.temp,NT0220
26.7,max.temp,NT0221
28.35,max.temp,NT0222
16.85,max.temp,NT0223
27.7,max.temp,NT0224
24.4,max.temp,NT0225
25.7,max.temp,NT0226
27.5,max.temp,NT0227
28.2,max.temp,NT0228
28.8,max.temp,NT0229
27.9,max.temp,NT0230
26,max.temp,NT0232
28.4,max.temp,NT0233
28.5,max.temp,NT0235
28,max.temp,NT0301
27.5,max.temp,NT0302
24.1,max.temp,NT0303
27.5,max.temp,NT0304
21.3,max.temp,NT0305
27.7,max.temp,NT0306
23.4,max.temp,NT0307
20,max.temp,NT0308
22.8,max.temp,NT0309
19.7,max.temp,NT0310
9.7,max.temp,NT0402
13.1,max.temp,NT0404
28,max.temp,NT0702
21.9,max.temp,NT0703
26.2,max.temp,NT0704
27.7,max.temp,NT0707
27.4,max.temp,NT0708
28.7,max.temp,NT0709
24.4,max.temp,NT0710
24.3,max.temp,NT0801
22.8,max.temp,NT0802
23.4,max.temp,NT0803
15.1,max.temp,NT0805
27.4,max.temp,NT0902
28.6,max.temp,NT0903
27.6,max.temp,NT0904
26.75,max.temp,NT0905
27.5,max.temp,NT0906
28.1,max.temp,NT0907
25.75,max.temp,NT0908
26.4,max.temp,NT0909
9.4,max.temp,NT1001
10.4,max.temp,NT1002
7.55,max.temp,NT1003
11.3,max.temp,NT1004
11,max.temp,NT1005
10.7,max.temp,NT1006
11.2,max.temp,NT1007
8.4,max.temp,NT1008
21.55,max.temp,NT1010
18.15,max.temp,NT1201
26.9,max.temp,NT1301
17.2,max.temp,NT1303
27,max.temp,NT1304
27.3,max.temp,NT1305
27.1,max.temp,NT1306
25.2,max.temp,NT1307
29.2,max.temp,NT1308
27.6,max.temp,NT1309
26.6,max.temp,NT1312
28.3,max.temp,NT1313
27.85,max.temp,NT1314
17.7,max.temp,NT1315
18.6,max.temp,NT1316
27.7,max.temp,NT1401
28,max.temp,NT1402
28,max.temp,NT1403
29.1,max.temp,NT1404
26.7,max.temp,NT1405
26.6,max.temp,NT1406
28.85,max.temp,NT1407
13.6,min3m.temp,NT0101
15.36666667,min3m.temp,NT0102
21.96666667,min3m.temp,NT0103
19.46666667,min3m.temp,NT0104
19.26666667,min3m.temp,NT0105
24.46666667,min3m.temp,NT0106
24.9,min3m.temp,NT0107
26.36666667,min3m.temp,NT0108
18.66666667,min3m.temp,NT0109
23.9,min3m.temp,NT0111
19.46666667,min3m.temp,NT0112
18.63333333,min3m.temp,NT0113
19.76666667,min3m.temp,NT0114
25.8,min3m.temp,NT0115
22.86666667,min3m.temp,NT0117
19.56666667,min3m.temp,NT0118
24.81666667,min3m.temp,NT0119
22.25,min3m.temp,NT0120
18.5,min3m.temp,NT0121
23.76666667,min3m.temp,NT0122
22.86666667,min3m.temp,NT0124
25.46666667,min3m.temp,NT0125
26.33333333,min3m.temp,NT0126
23.23333333,min3m.temp,NT0127
25.7,min3m.temp,NT0128
25.03333333,min3m.temp,NT0129
24.7,min3m.temp,NT0130
23.2,min3m.temp,NT0131
25.8,min3m.temp,NT0132
25.46666667,min3m.temp,NT0133
22.66666667,min3m.temp,NT0134
25.33333333,min3m.temp,NT0135
19.28333333,min3m.temp,NT0136
27.16666667,min3m.temp,NT0137
26.36666667,min3m.temp,NT0138
26.36666667,min3m.temp,NT0139
24.5,min3m.temp,NT0140
26.36666667,min3m.temp,NT0141
24.9,min3m.temp,NT0142
25.8,min3m.temp,NT0143
26.45,min3m.temp,NT0144
19.03333333,min3m.temp,NT0145
15.3,min3m.temp,NT0146
25.73333333,min3m.temp,NT0147
23.96666667,min3m.temp,NT0148
26.33333333,min3m.temp,NT0149
17.6,min3m.temp,NT0150
22.55,min3m.temp,NT0151
22.96666667,min3m.temp,NT0152
13.7,min3m.temp,NT0153
22.46666667,min3m.temp,NT0154
22.43333333,min3m.temp,NT0155
25.4,min3m.temp,NT0156
25.76666667,min3m.temp,NT0157
25.81666667,min3m.temp,NT0158
18.16666667,min3m.temp,NT0159
15.9,min3m.temp,NT0160
20.56666667,min3m.temp,NT0161
23.26666667,min3m.temp,NT0162
25.46666667,min3m.temp,NT0163
19.23333333,min3m.temp,NT0164
14.23333333,min3m.temp,NT0165
24.66666667,min3m.temp,NT0166
19.03333333,min3m.temp,NT0167
25.36666667,min3m.temp,NT0168
19.86666667,min3m.temp,NT0169
26.33333333,min3m.temp,NT0170
25.16666667,min3m.temp,NT0171
26,min3m.temp,NT0173
24.5,min3m.temp,NT0174
20.43333333,min3m.temp,NT0175
19.16666667,min3m.temp,NT0176
15.93333333,min3m.temp,NT0177
24.06666667,min3m.temp,NT0178
24.16666667,min3m.temp,NT0179
25.66666667,min3m.temp,NT0180
22.93333333,min3m.temp,NT0181
24.46666667,min3m.temp,NT0182
26.2,min3m.temp,NT0201
22.86666667,min3m.temp,NT0202
15.13333333,min3m.temp,NT0204
22.55,min3m.temp,NT0205
12.5,min3m.temp,NT0206
23.46666667,min3m.temp,NT0207
25.33333333,min3m.temp,NT0209
16.93333333,min3m.temp,NT0210
21.73333333,min3m.temp,NT0211
22.9,min3m.temp,NT0212
22.66666667,min3m.temp,NT0213
23.4,min3m.temp,NT0214
23.96666667,min3m.temp,NT0215
22.83333333,min3m.temp,NT0217
25.35,min3m.temp,NT0218
25.2,min3m.temp,NT0219
24.93333333,min3m.temp,NT0220
25.31666667,min3m.temp,NT0221
26.91666667,min3m.temp,NT0222
15.6,min3m.temp,NT0223
25.73333333,min3m.temp,NT0224
23.5,min3m.temp,NT0225
22.6,min3m.temp,NT0226
16.68333333,min3m.temp,NT0227
18.56666667,min3m.temp,NT0228
27.3,min3m.temp,NT0229
24.65,min3m.temp,NT0230
21.25,min3m.temp,NT0232
22.26666667,min3m.temp,NT0233
23.1,min3m.temp,NT0235
21.46666667,min3m.temp,NT0301
23.35,min3m.temp,NT0302
20.31666667,min3m.temp,NT0303
22.33333333,min3m.temp,NT0304
18.2,min3m.temp,NT0305
25.16666667,min3m.temp,NT0306
14.1,min3m.temp,NT0307
15.3,min3m.temp,NT0308
19.13333333,min3m.temp,NT0309
13.7,min3m.temp,NT0310
1.55,min3m.temp,NT0402
3.833333333,min3m.temp,NT0404
24.66666667,min3m.temp,NT0702
16.16666667,min3m.temp,NT0703
22.4,min3m.temp,NT0704
25.7,min3m.temp,NT0707
17.23333333,min3m.temp,NT0708
26.33333333,min3m.temp,NT0709
12.93333333,min3m.temp,NT0710
9.9,min3m.temp,NT0801
7.666666667,min3m.temp,NT0802
9.8,min3m.temp,NT0803
2.366666667,min3m.temp,NT0805
21.88333333,min3m.temp,NT0902
25.5,min3m.temp,NT0903
18.4,min3m.temp,NT0904
24.2,min3m.temp,NT0905
25.96666667,min3m.temp,NT0906
23.23333333,min3m.temp,NT0907
13.21666667,min3m.temp,NT0908
15.96666667,min3m.temp,NT0909
3.166666667,min3m.temp,NT1001
3.1,min3m.temp,NT1002
4.533333333,min3m.temp,NT1003
10.53333333,min3m.temp,NT1004
10.13333333,min3m.temp,NT1005
9.883333333,min3m.temp,NT1006
9.316666667,min3m.temp,NT1007
-0.766666667,min3m.temp,NT1008
7.95,min3m.temp,NT1010
9,min3m.temp,NT1201
24.96666667,min3m.temp,NT1301
11.13333333,min3m.temp,NT1303
23.86666667,min3m.temp,NT1304
24.9,min3m.temp,NT1305
22.96666667,min3m.temp,NT1306
21.16666667,min3m.temp,NT1307
27.03333333,min3m.temp,NT1308
25.61666667,min3m.temp,NT1309
22.78333333,min3m.temp,NT1312
26.23333333,min3m.temp,NT1313
17.81666667,min3m.temp,NT1314
14.13333333,min3m.temp,NT1315
13.7,min3m.temp,NT1316
26.2,min3m.temp,NT1401
22.5,min3m.temp,NT1402
23.6,min3m.temp,NT1403
20.81666667,min3m.temp,NT1404
25.36666667,min3m.temp,NT1405
23.13333333,min3m.temp,NT1406
26.4,min3m.temp,NT1407
21.25,max3m.temp,NT0101
23.3,max3m.temp,NT0102
25.7,max3m.temp,NT0103
23.96666667,max3m.temp,NT0104
23.26666667,max3m.temp,NT0105
26.51666667,max3m.temp,NT0106
26.4,max3m.temp,NT0107
27.66666667,max3m.temp,NT0108
19.4,max3m.temp,NT0109
26.4,max3m.temp,NT0111
22.46666667,max3m.temp,NT0112
22.4,max3m.temp,NT0113
24.13333333,max3m.temp,NT0114
26.56666667,max3m.temp,NT0115
24.43333333,max3m.temp,NT0117
21,max3m.temp,NT0118
26.8,max3m.temp,NT0119
26.88333333,max3m.temp,NT0120
19.66666667,max3m.temp,NT0121
25.25,max3m.temp,NT0122
23.83333333,max3m.temp,NT0124
26.86666667,max3m.temp,NT0125
27.83333333,max3m.temp,NT0126
26.4,max3m.temp,NT0127
26.96666667,max3m.temp,NT0128
26.96666667,max3m.temp,NT0129
26.26666667,max3m.temp,NT0130
25.7,max3m.temp,NT0131
26.9,max3m.temp,NT0132
26.55,max3m.temp,NT0133
25.3,max3m.temp,NT0134
27.03333333,max3m.temp,NT0135
19.88333333,max3m.temp,NT0136
28.23333333,max3m.temp,NT0137
27.63333333,max3m.temp,NT0138
28.1,max3m.temp,NT0139
26.3,max3m.temp,NT0140
27.33333333,max3m.temp,NT0141
26.53333333,max3m.temp,NT0142
27.23333333,max3m.temp,NT0143
27.73333333,max3m.temp,NT0144
19.76666667,max3m.temp,NT0145
20.13333333,max3m.temp,NT0146
27.23333333,max3m.temp,NT0147
28.93333333,max3m.temp,NT0148
27.9,max3m.temp,NT0149
25.23333333,max3m.temp,NT0150
25.4,max3m.temp,NT0151
26.33333333,max3m.temp,NT0152
15.33333333,max3m.temp,NT0153
27.2,max3m.temp,NT0154
25.5,max3m.temp,NT0155
26.53333333,max3m.temp,NT0156
27.03333333,max3m.temp,NT0157
26.9,max3m.temp,NT0158
19.63333333,max3m.temp,NT0159
22.8,max3m.temp,NT0160
26.5,max3m.temp,NT0161
25.36666667,max3m.temp,NT0162
26.66666667,max3m.temp,NT0163
27.4,max3m.temp,NT0164
23.03333333,max3m.temp,NT0165
26.2,max3m.temp,NT0166
20.56666667,max3m.temp,NT0167
26.43333333,max3m.temp,NT0168
20.83333333,max3m.temp,NT0169
27.23333333,max3m.temp,NT0170
26.65,max3m.temp,NT0171
27.53333333,max3m.temp,NT0173
25.8,max3m.temp,NT0174
21.6,max3m.temp,NT0175
27.93333333,max3m.temp,NT0176
22.76666667,max3m.temp,NT0177
25.5,max3m.temp,NT0178
26.13333333,max3m.temp,NT0179
26.73333333,max3m.temp,NT0180
27.6,max3m.temp,NT0181
25.63333333,max3m.temp,NT0182
27.63333333,max3m.temp,NT0201
25.56666667,max3m.temp,NT0202
21.7,max3m.temp,NT0204
26.96666667,max3m.temp,NT0205
17.2,max3m.temp,NT0206
24.2,max3m.temp,NT0207
27.58333333,max3m.temp,NT0209
27.16666667,max3m.temp,NT0210
25.3,max3m.temp,NT0211
27.13333333,max3m.temp,NT0212
27.46666667,max3m.temp,NT0213
25.68333333,max3m.temp,NT0214
27.06666667,max3m.temp,NT0215
27.13333333,max3m.temp,NT0217
27.8,max3m.temp,NT0218
27.13333333,max3m.temp,NT0219
26.86666667,max3m.temp,NT0220
26.43333333,max3m.temp,NT0221
28.25,max3m.temp,NT0222
16.81666667,max3m.temp,NT0223
27.46666667,max3m.temp,NT0224
24.23333333,max3m.temp,NT0225
25.6,max3m.temp,NT0226
27.13333333,max3m.temp,NT0227
27.83333333,max3m.temp,NT0228
28.61666667,max3m.temp,NT0229
27.5,max3m.temp,NT0230
25.85,max3m.temp,NT0232
27.96666667,max3m.temp,NT0233
28.26666667,max3m.temp,NT0235
27.73333333,max3m.temp,NT0301
27.33333333,max3m.temp,NT0302
23.66666667,max3m.temp,NT0303
27.33333333,max3m.temp,NT0304
21.2,max3m.temp,NT0305
27.41666667,max3m.temp,NT0306
23,max3m.temp,NT0307
19.66666667,max3m.temp,NT0308
22.31666667,max3m.temp,NT0309
19.08333333,max3m.temp,NT0310
9.366666667,max3m.temp,NT0402
12.73333333,max3m.temp,NT0404
27.76666667,max3m.temp,NT0702
21.53333333,max3m.temp,NT0703
25.86666667,max3m.temp,NT0704
27.46666667,max3m.temp,NT0707
26.93333333,max3m.temp,NT0708
28.36666667,max3m.temp,NT0709
23.76666667,max3m.temp,NT0710
23.6,max3m.temp,NT0801
22.06666667,max3m.temp,NT0802
22.6,max3m.temp,NT0803
14.6,max3m.temp,NT0805
27.25,max3m.temp,NT0902
28.53333333,max3m.temp,NT0903
27.4,max3m.temp,NT0904
26.58333333,max3m.temp,NT0905
27.3,max3m.temp,NT0906
27.96666667,max3m.temp,NT0907
24.95,max3m.temp,NT0908
25.96666667,max3m.temp,NT0909
9.3,max3m.temp,NT1001
10.21666667,max3m.temp,NT1002
7.466666667,max3m.temp,NT1003
11.16666667,max3m.temp,NT1004
10.76666667,max3m.temp,NT1005
10.56666667,max3m.temp,NT1006
11.06666667,max3m.temp,NT1007
8.033333333,max3m.temp,NT1008
21.15,max3m.temp,NT1010
17.75,max3m.temp,NT1201
26.66666667,max3m.temp,NT1301
16.9,max3m.temp,NT1303
26.83333333,max3m.temp,NT1304
27.2,max3m.temp,NT1305
26.96666667,max3m.temp,NT1306
25.03333333,max3m.temp,NT1307
29.06666667,max3m.temp,NT1308
27.26666667,max3m.temp,NT1309
26.31666667,max3m.temp,NT1312
28.2,max3m.temp,NT1313
27.5,max3m.temp,NT1314
17.53333333,max3m.temp,NT1315
18.33333333,max3m.temp,NT1316
27.55,max3m.temp,NT1401
27.8,max3m.temp,NT1402
27.83333333,max3m.temp,NT1403
28.86666667,max3m.temp,NT1404
26.6,max3m.temp,NT1405
26.5,max3m.temp,NT1406
28.5,max3m.temp,NT1407
17.55,med.temp,NT0101
19.3,med.temp,NT0102
24.15,med.temp,NT0103
22.5,med.temp,NT0104
22.3,med.temp,NT0105
25.275,med.temp,NT0106
26.05,med.temp,NT0107
27.15,med.temp,NT0108
19.05,med.temp,NT0109
25.2,med.temp,NT0111
21.45,med.temp,NT0112
21.35,med.temp,NT0113
22.6,med.temp,NT0114
26.15,med.temp,NT0115
23.55,med.temp,NT0117
20.3,med.temp,NT0118
25.375,med.temp,NT0119
24.875,med.temp,NT0120
19.275,med.temp,NT0121
24.425,med.temp,NT0122
23.45,med.temp,NT0124
25.95,med.temp,NT0125
26.675,med.temp,NT0126
25.1,med.temp,NT0127
26.65,med.temp,NT0128
25.75,med.temp,NT0129
25.3,med.temp,NT0130
24.525,med.temp,NT0131
26.55,med.temp,NT0132
26.15,med.temp,NT0133
24.4,med.temp,NT0134
26.25,med.temp,NT0135
19.55,med.temp,NT0136
27.6,med.temp,NT0137
26.8,med.temp,NT0138
26.8,med.temp,NT0139
25.5,med.temp,NT0140
26.7,med.temp,NT0141
26.05,med.temp,NT0142
26.75,med.temp,NT0143
27,med.temp,NT0144
19.3,med.temp,NT0145
18.45,med.temp,NT0146
26.8,med.temp,NT0147
27.425,med.temp,NT0148
26.95,med.temp,NT0149
21.95,med.temp,NT0150
24.475,med.temp,NT0151
25.35,med.temp,NT0152
14.75,med.temp,NT0153
25.9,med.temp,NT0154
24.4,med.temp,NT0155
26.2,med.temp,NT0156
26.4,med.temp,NT0157
26.65,med.temp,NT0158
19.175,med.temp,NT0159
19.55,med.temp,NT0160
24.3,med.temp,NT0161
24.3,med.temp,NT0162
26.45,med.temp,NT0163
23.975,med.temp,NT0164
19.85,med.temp,NT0165
25.9,med.temp,NT0166
20.2,med.temp,NT0167
25.8,med.temp,NT0168
20.2,med.temp,NT0169
26.65,med.temp,NT0170
26.375,med.temp,NT0171
26.4,med.temp,NT0173
25.4,med.temp,NT0174
21.15,med.temp,NT0175
25,med.temp,NT0176
20.475,med.temp,NT0177
24.7,med.temp,NT0178
25.65,med.temp,NT0179
26.1,med.temp,NT0180
26.35,med.temp,NT0181
25.15,med.temp,NT0182
26.75,med.temp,NT0201
24.9,med.temp,NT0202
19.2,med.temp,NT0204
24.675,med.temp,NT0205
16.05,med.temp,NT0206
23.875,med.temp,NT0207
26.25,med.temp,NT0209
23.05,med.temp,NT0210
24.05,med.temp,NT0211
26.15,med.temp,NT0212
25.5,med.temp,NT0213
24.3,med.temp,NT0214
25.725,med.temp,NT0215
25.6,med.temp,NT0217
26.775,med.temp,NT0218
26.575,med.temp,NT0219
26.5,med.temp,NT0220
25.8,med.temp,NT0221
27.8,med.temp,NT0222
16.55,med.temp,NT0223
26.5,med.temp,NT0224
23.85,med.temp,NT0225
24.45,med.temp,NT0226
21.775,med.temp,NT0227
24.1,med.temp,NT0228
27.975,med.temp,NT0229
26.25,med.temp,NT0230
23.225,med.temp,NT0232
26.4,med.temp,NT0233
26.7,med.temp,NT0235
24.7,med.temp,NT0301
26.325,med.temp,NT0302
22.575,med.temp,NT0303
25.5,med.temp,NT0304
19.95,med.temp,NT0305
26.7,med.temp,NT0306
18.9,med.temp,NT0307
17.95,med.temp,NT0308
20.925,med.temp,NT0309
17.1,med.temp,NT0310
5.9,med.temp,NT0402
8.2,med.temp,NT0404
27,med.temp,NT0702
19.7,med.temp,NT0703
24.85,med.temp,NT0704
26.55,med.temp,NT0707
22.25,med.temp,NT0708
27.2,med.temp,NT0709
18,med.temp,NT0710
16.9,med.temp,NT0801
14.75,med.temp,NT0802
16,med.temp,NT0803
8.65,med.temp,NT0805
25.1,med.temp,NT0902
27.45,med.temp,NT0903
23.75,med.temp,NT0904
25.475,med.temp,NT0905
26.8,med.temp,NT0906
26.85,med.temp,NT0907
19.075,med.temp,NT0908
20.95,med.temp,NT0909
7.5,med.temp,NT1001
7.875,med.temp,NT1002
6.975,med.temp,NT1003
10.95,med.temp,NT1004
10.45,med.temp,NT1005
10.3,med.temp,NT1006
10.45,med.temp,NT1007
4.2,med.temp,NT1008
15.425,med.temp,NT1010
13.35,med.temp,NT1201
26.25,med.temp,NT1301
14.3,med.temp,NT1303
25.6,med.temp,NT1304
26.325,med.temp,NT1305
25.25,med.temp,NT1306
22.95,med.temp,NT1307
27.9,med.temp,NT1308
26.2,med.temp,NT1309
25.05,med.temp,NT1312
27.55,med.temp,NT1313
22.15,med.temp,NT1314
15.85,med.temp,NT1315
17.05,med.temp,NT1316
26.9,med.temp,NT1401
25.35,med.temp,NT1402
26.55,med.temp,NT1403
24.625,med.temp,NT1404
25.65,med.temp,NT1405
24.75,med.temp,NT1406
27.225,med.temp,NT1407
4.59606,mad.temp,NT0101
4.74432,mad.temp,NT0102
2.07564,mad.temp,NT0103
2.2239,mad.temp,NT0104
1.26021,mad.temp,NT0105
1.18608,mad.temp,NT0106
0.51891,mad.temp,NT0107
0.51891,mad.temp,NT0108
0.22239,mad.temp,NT0109
0.96369,mad.temp,NT0111
1.33434,mad.temp,NT0112
1.33434,mad.temp,NT0113
1.85325,mad.temp,NT0114
0.37065,mad.temp,NT0115
0.59304,mad.temp,NT0117
0.44478,mad.temp,NT0118
0.704235,mad.temp,NT0119
2.29803,mad.temp,NT0120
0.37065,mad.temp,NT0121
0.51891,mad.temp,NT0122
0.44478,mad.temp,NT0124
0.51891,mad.temp,NT0125
0.51891,mad.temp,NT0126
1.77912,mad.temp,NT0127
0.44478,mad.temp,NT0128
0.7413,mad.temp,NT0129
0.59304,mad.temp,NT0130
1.33434,mad.temp,NT0131
0.37065,mad.temp,NT0132
0.37065,mad.temp,NT0133
1.33434,mad.temp,NT0134
0.59304,mad.temp,NT0135
0.29652,mad.temp,NT0136
0.37065,mad.temp,NT0137
0.66717,mad.temp,NT0138
0.66717,mad.temp,NT0139
0.51891,mad.temp,NT0140
0.37065,mad.temp,NT0141
0.59304,mad.temp,NT0142
0.59304,mad.temp,NT0143
0.704235,mad.temp,NT0144
0.29652,mad.temp,NT0145
2.29803,mad.temp,NT0146
0.59304,mad.temp,NT0147
2.00151,mad.temp,NT0148
0.66717,mad.temp,NT0149
3.48411,mad.temp,NT0150
1.33434,mad.temp,NT0151
1.55673,mad.temp,NT0152
0.59304,mad.temp,NT0153
1.92738,mad.temp,NT0154
1.55673,mad.temp,NT0155
0.37065,mad.temp,NT0156
0.51891,mad.temp,NT0157
0.44478,mad.temp,NT0158
0.59304,mad.temp,NT0159
3.33585,mad.temp,NT0160
2.52042,mad.temp,NT0161
0.96369,mad.temp,NT0162
0.29652,mad.temp,NT0163
4.484865,mad.temp,NT0164
4.67019,mad.temp,NT0165
0.44478,mad.temp,NT0166
0.59304,mad.temp,NT0167
0.51891,mad.temp,NT0168
0.44478,mad.temp,NT0169
0.37065,mad.temp,NT0170
0.44478,mad.temp,NT0171
0.51891,mad.temp,NT0173
0.44478,mad.temp,NT0174
0.37065,mad.temp,NT0175
4.00302,mad.temp,NT0176
3.150525,mad.temp,NT0177
0.7413,mad.temp,NT0178
0.96369,mad.temp,NT0179
0.44478,mad.temp,NT0180
2.07564,mad.temp,NT0181
0.51891,mad.temp,NT0182
0.66717,mad.temp,NT0201
0.7413,mad.temp,NT0202
2.89107,mad.temp,NT0204
1.70499,mad.temp,NT0205
1.70499,mad.temp,NT0206
0.29652,mad.temp,NT0207
0.88956,mad.temp,NT0209
5.70801,mad.temp,NT0210
1.4826,mad.temp,NT0211
1.26021,mad.temp,NT0212
2.44629,mad.temp,NT0213
1.03782,mad.temp,NT0214
1.70499,mad.temp,NT0215
2.14977,mad.temp,NT0217
1.33434,mad.temp,NT0218
0.81543,mad.temp,NT0219
0.81543,mad.temp,NT0220
0.44478,mad.temp,NT0221
0.66717,mad.temp,NT0222
0.44478,mad.temp,NT0223
0.7413,mad.temp,NT0224
0.29652,mad.temp,NT0225
1.63086,mad.temp,NT0226
5.9304,mad.temp,NT0227
5.04084,mad.temp,NT0228
0.630105,mad.temp,NT0229
1.11195,mad.temp,NT0230
2.335095,mad.temp,NT0232
2.59455,mad.temp,NT0233
2.07564,mad.temp,NT0235
3.78063,mad.temp,NT0301
1.63086,mad.temp,NT0302
1.26021,mad.temp,NT0303
2.44629,mad.temp,NT0304
1.55673,mad.temp,NT0305
0.81543,mad.temp,NT0306
5.48562,mad.temp,NT0307
1.92738,mad.temp,NT0308
1.40847,mad.temp,NT0309
2.14977,mad.temp,NT0310
3.92889,mad.temp,NT0402
5.11497,mad.temp,NT0404
0.81543,mad.temp,NT0702
2.44629,mad.temp,NT0703
0.66717,mad.temp,NT0704
0.59304,mad.temp,NT0707
5.448555,mad.temp,NT0708
0.7413,mad.temp,NT0709
5.9304,mad.temp,NT0710
6.96822,mad.temp,NT0801
7.56126,mad.temp,NT0802
6.89409,mad.temp,NT0803
6.74583,mad.temp,NT0805
2.74281,mad.temp,NT0902
1.33434,mad.temp,NT0903
4.74432,mad.temp,NT0904
1.03782,mad.temp,NT0905
0.66717,mad.temp,NT0906
1.70499,mad.temp,NT0907
6.486375,mad.temp,NT0908
5.55975,mad.temp,NT0909
2.74281,mad.temp,NT1001
2.557485,mad.temp,NT1002
0.96369,mad.temp,NT1003
0.29652,mad.temp,NT1004
0.29652,mad.temp,NT1005
0.259455,mad.temp,NT1006
0.81543,mad.temp,NT1007
5.48562,mad.temp,NT1008
7.079415,mad.temp,NT1010
4.37367,mad.temp,NT1201
0.81543,mad.temp,NT1301
3.03933,mad.temp,NT1303
1.26021,mad.temp,NT1304
1.371405,mad.temp,NT1305
2.14977,mad.temp,NT1306
2.37216,mad.temp,NT1307
0.96369,mad.temp,NT1308
0.51891,mad.temp,NT1309
1.593795,mad.temp,NT1312
1.03782,mad.temp,NT1313
5.077905,mad.temp,NT1314
1.85325,mad.temp,NT1315
1.85325,mad.temp,NT1316
0.59304,mad.temp,NT1401
2.74281,mad.temp,NT1402
1.85325,mad.temp,NT1403
4.781385,mad.temp,NT1404
0.51891,mad.temp,NT1405
1.85325,mad.temp,NT1406
0.81543,mad.temp,NT1407
